sid,search,"splunk_server","_time","is_realtime","event_count","exec_time","result_count","scan_count",status,"total_run_time","__mv_sid","__mv_search","__mv_splunk_server","__mv__time","__mv_is_realtime","__mv_event_count","__mv_exec_time","__mv_result_count","__mv_scan_count","__mv_status","__mv_total_run_time"
"1677118621.5","| copybuckets json=""{\""vixes\"": {}, \""providers\"": {}}""","rhel.hwf.sc4s","1677118621.404592",0,0,1677118621,0,0,canceled,"0.209",,,,,,,,,,,
"1677122220.15","| copybuckets json=""{\""vixes\"": {}, \""providers\"": {}}""","rhel.hwf.sc4s","1677122220.907353",0,0,1677122220,0,0,canceled,"0.326",,,,,,,,,,,
"1677125820.20","| copybuckets json=""{\""vixes\"": {}, \""providers\"": {}}""","rhel.hwf.sc4s","1677125820.744468",0,0,1677125820,0,0,canceled,"0.215",,,,,,,,,,,
"1677129421.35","| copybuckets json=""{\""vixes\"": {}, \""providers\"": {}}""","rhel.hwf.sc4s","1677129421.115014",0,0,1677129421,0,0,canceled,"0.20500000000000002",,,,,,,,,,,
"1677133020.46","| copybuckets json=""{\""vixes\"": {}, \""providers\"": {}}""","rhel.hwf.sc4s","1677133020.375192",0,0,1677133020,0,0,canceled,"0.211",,,,,,,,,,,
"1677136620.61","| copybuckets json=""{\""vixes\"": {}, \""providers\"": {}}""","rhel.hwf.sc4s","1677136620.751179",0,0,1677136620,0,0,canceled,"0.20700000000000002",,,,,,,,,,,
"1677140220.113","| copybuckets json=""{\""vixes\"": {}, \""providers\"": {}}""","rhel.hwf.sc4s","1677140220.314707",0,0,1677140220,0,0,canceled,"0.203",,,,,,,,,,,
"1677143820.132","| copybuckets json=""{\""vixes\"": {}, \""providers\"": {}}""","rhel.hwf.sc4s","1677143820.560038",0,0,1677143820,0,0,canceled,"0.217",,,,,,,,,,,
"1677147420.137","| copybuckets json=""{\""vixes\"": {}, \""providers\"": {}}""","rhel.hwf.sc4s","1677147420.873002",0,0,1677147420,0,0,canceled,"0.219",,,,,,,,,,,
"1677151021.152","| copybuckets json=""{\""vixes\"": {}, \""providers\"": {}}""","rhel.hwf.sc4s","1677151021.194826",0,0,1677151021,0,0,canceled,"0.203",,,,,,,,,,,
"1677154620.163","| copybuckets json=""{\""vixes\"": {}, \""providers\"": {}}""","rhel.hwf.sc4s","1677154620.272666",0,0,1677154620,0,0,canceled,"0.214",,,,,,,,,,,
"1677158220.178","| copybuckets json=""{\""vixes\"": {}, \""providers\"": {}}""","rhel.hwf.sc4s","1677158220.524863",0,0,1677158220,0,0,canceled,"0.261",,,,,,,,,,,
"1677161820.183","| copybuckets json=""{\""vixes\"": {}, \""providers\"": {}}""","rhel.hwf.sc4s","1677161820.666329",0,0,1677161820,0,0,canceled,"0.20500000000000002",,,,,,,,,,,
"1677165420.198","| copybuckets json=""{\""vixes\"": {}, \""providers\"": {}}""","rhel.hwf.sc4s","1677165420.882321",0,0,1677165420,0,0,canceled,"0.20400000000000001",,,,,,,,,,,
"1677169021.203","| copybuckets json=""{\""vixes\"": {}, \""providers\"": {}}""","rhel.hwf.sc4s","1677169021.133235",0,0,1677169021,0,0,canceled,"0.212",,,,,,,,,,,
"1677172621.218","| copybuckets json=""{\""vixes\"": {}, \""providers\"": {}}""","rhel.hwf.sc4s","1677172621.327007",0,0,1677172621,0,0,canceled,"0.312",,,,,,,,,,,
"1677176220.223","| copybuckets json=""{\""vixes\"": {}, \""providers\"": {}}""","rhel.hwf.sc4s","1677176220.585920",0,0,1677176220,0,0,canceled,"0.23800000000000002",,,,,,,,,,,
"1677179820.238","| copybuckets json=""{\""vixes\"": {}, \""providers\"": {}}""","rhel.hwf.sc4s","1677179820.915660",0,0,1677179820,0,0,canceled,"0.20600000000000002",,,,,,,,,,,
"1677183421.243","| copybuckets json=""{\""vixes\"": {}, \""providers\"": {}}""","rhel.hwf.sc4s","1677183421.228130",0,0,1677183421,0,0,canceled,"0.20800000000000002",,,,,,,,,,,
"1677187020.261","| copybuckets json=""{\""vixes\"": {}, \""providers\"": {}}""","rhel.hwf.sc4s","1677187020.422304",0,0,1677187020,0,0,canceled,"0.218",,,,,,,,,,,
"1677190620.266","| copybuckets json=""{\""vixes\"": {}, \""providers\"": {}}""","rhel.hwf.sc4s","1677190620.655358",0,0,1677190620,0,0,canceled,"0.20800000000000002",,,,,,,,,,,
"1677194220.281","| copybuckets json=""{\""vixes\"": {}, \""providers\"": {}}""","rhel.hwf.sc4s","1677194220.764300",0,0,1677194220,0,0,canceled,"0.212",,,,,,,,,,,
"1677197821.292","| copybuckets json=""{\""vixes\"": {}, \""providers\"": {}}""","rhel.hwf.sc4s","1677197821.026966",0,0,1677197821,0,0,canceled,"0.226",,,,,,,,,,,
"1677201420.307","| copybuckets json=""{\""vixes\"": {}, \""providers\"": {}}""","rhel.hwf.sc4s","1677201420.340061",0,0,1677201420,0,0,canceled,"0.214",,,,,,,,,,,
"1677205020.312","| copybuckets json=""{\""vixes\"": {}, \""providers\"": {}}""","rhel.hwf.sc4s","1677205020.588718",0,0,1677205020,0,0,canceled,"0.20400000000000001",,,,,,,,,,,
"1677208620.327","| copybuckets json=""{\""vixes\"": {}, \""providers\"": {}}""","rhel.hwf.sc4s","1677208620.839453",0,0,1677208620,0,0,canceled,"0.229",,,,,,,,,,,
"1677212221.332","| copybuckets json=""{\""vixes\"": {}, \""providers\"": {}}""","rhel.hwf.sc4s","1677212221.102793",0,0,1677212221,0,0,canceled,"0.20600000000000002",,,,,,,,,,,
"1677215821.347","| copybuckets json=""{\""vixes\"": {}, \""providers\"": {}}""","rhel.hwf.sc4s","1677215821.143181",0,0,1677215821,0,0,canceled,"0.218",,,,,,,,,,,
"1677219420.358","| copybuckets json=""{\""vixes\"": {}, \""providers\"": {}}""","rhel.hwf.sc4s","1677219420.441110",0,0,1677219420,0,0,canceled,"0.20600000000000002",,,,,,,,,,,
"1677223020.373","| copybuckets json=""{\""vixes\"": {}, \""providers\"": {}}""","rhel.hwf.sc4s","1677223020.871171",0,0,1677223020,0,0,canceled,"0.20600000000000002",,,,,,,,,,,
"1677226620.425","| copybuckets json=""{\""vixes\"": {}, \""providers\"": {}}""","rhel.hwf.sc4s","1677226620.392438",0,0,1677226620,0,0,canceled,"0.20600000000000002",,,,,,,,,,,
"1677230220.444","| copybuckets json=""{\""vixes\"": {}, \""providers\"": {}}""","rhel.hwf.sc4s","1677230220.692446",0,0,1677230220,0,0,canceled,"0.217",,,,,,,,,,,
"1677233820.449","| copybuckets json=""{\""vixes\"": {}, \""providers\"": {}}""","rhel.hwf.sc4s","1677233820.993679",0,0,1677233821,0,0,canceled,"0.216",,,,,,,,,,,
"1677237420.464","| copybuckets json=""{\""vixes\"": {}, \""providers\"": {}}""","rhel.hwf.sc4s","1677237420.295609",0,0,1677237420,0,0,canceled,"0.22",,,,,,,,,,,
"1677241020.475","| copybuckets json=""{\""vixes\"": {}, \""providers\"": {}}""","rhel.hwf.sc4s","1677241020.422636",0,0,1677241020,0,0,canceled,"0.23600000000000002",,,,,,,,,,,
"1677244620.490","| copybuckets json=""{\""vixes\"": {}, \""providers\"": {}}""","rhel.hwf.sc4s","1677244620.549241",0,0,1677244620,0,0,canceled,"0.23700000000000002",,,,,,,,,,,
"1677248220.495","| copybuckets json=""{\""vixes\"": {}, \""providers\"": {}}""","rhel.hwf.sc4s","1677248220.490485",0,0,1677248220,0,0,canceled,"0.213",,,,,,,,,,,
"1677251820.510","| copybuckets json=""{\""vixes\"": {}, \""providers\"": {}}""","rhel.hwf.sc4s","1677251820.752171",0,0,1677251820,0,0,canceled,"0.223",,,,,,,,,,,
"1677255421.515","| copybuckets json=""{\""vixes\"": {}, \""providers\"": {}}""","rhel.hwf.sc4s","1677255421.028431",0,0,1677255421,0,0,canceled,"0.2",,,,,,,,,,,
"1677259020.530","| copybuckets json=""{\""vixes\"": {}, \""providers\"": {}}""","rhel.hwf.sc4s","1677259020.333243",0,0,1677259020,0,0,canceled,"0.201",,,,,,,,,,,
"1677262620.535","| copybuckets json=""{\""vixes\"": {}, \""providers\"": {}}""","rhel.hwf.sc4s","1677262620.516025",0,0,1677262620,0,0,canceled,"0.21",,,,,,,,,,,
"1677266220.550","| copybuckets json=""{\""vixes\"": {}, \""providers\"": {}}""","rhel.hwf.sc4s","1677266220.797441",0,0,1677266220,0,0,canceled,"0.223",,,,,,,,,,,
"1677269821.555","| copybuckets json=""{\""vixes\"": {}, \""providers\"": {}}""","rhel.hwf.sc4s","1677269821.029715",0,0,1677269821,0,0,canceled,"0.222",,,,,,,,,,,
"1677273421.573","| copybuckets json=""{\""vixes\"": {}, \""providers\"": {}}""","rhel.hwf.sc4s","1677273421.182940",0,0,1677273421,0,0,canceled,"0.214",,,,,,,,,,,
"1677277021.578","| copybuckets json=""{\""vixes\"": {}, \""providers\"": {}}""","rhel.hwf.sc4s","1677277021.153880",0,0,1677277021,0,0,canceled,"0.201",,,,,,,,,,,
"1677280620.593","| copybuckets json=""{\""vixes\"": {}, \""providers\"": {}}""","rhel.hwf.sc4s","1677280620.427635",0,0,1677280620,0,0,canceled,"0.222",,,,,,,,,,,
"1677284220.604","| copybuckets json=""{\""vixes\"": {}, \""providers\"": {}}""","rhel.hwf.sc4s","1677284220.882274",0,0,1677284220,0,0,canceled,"0.227",,,,,,,,,,,
"1677287820.619","| copybuckets json=""{\""vixes\"": {}, \""providers\"": {}}""","rhel.hwf.sc4s","1677287820.252063",0,0,1677287820,0,0,canceled,"0.20400000000000001",,,,,,,,,,,
"1677291420.624","| copybuckets json=""{\""vixes\"": {}, \""providers\"": {}}""","rhel.hwf.sc4s","1677291420.480278",0,0,1677291420,0,0,canceled,"0.213",,,,,,,,,,,
"1677295020.639","| copybuckets json=""{\""vixes\"": {}, \""providers\"": {}}""","rhel.hwf.sc4s","1677295020.746243",0,0,1677295020,0,0,canceled,"0.227",,,,,,,,,,,
"1677298621.644","| copybuckets json=""{\""vixes\"": {}, \""providers\"": {}}""","rhel.hwf.sc4s","1677298621.020134",0,0,1677298621,0,0,canceled,"0.20500000000000002",,,,,,,,,,,
"1677302221.659","| copybuckets json=""{\""vixes\"": {}, \""providers\"": {}}""","rhel.hwf.sc4s","1677302221.177406",0,0,1677302221,0,0,canceled,"0.211",,,,,,,,,,,
"1677305820.670","| copybuckets json=""{\""vixes\"": {}, \""providers\"": {}}""","rhel.hwf.sc4s","1677305820.505766",0,0,1677305820,0,0,canceled,"0.20700000000000002",,,,,,,,,,,
"1677309420.685","| copybuckets json=""{\""vixes\"": {}, \""providers\"": {}}""","rhel.hwf.sc4s","1677309420.815443",0,0,1677309420,0,0,canceled,"0.20800000000000002",,,,,,,,,,,
"1677313020.737","| copybuckets json=""{\""vixes\"": {}, \""providers\"": {}}""","rhel.hwf.sc4s","1677313020.374004",0,0,1677313020,0,0,canceled,"0.24",,,,,,,,,,,
"1677316620.756","| copybuckets json=""{\""vixes\"": {}, \""providers\"": {}}""","rhel.hwf.sc4s","1677316620.660755",0,0,1677316620,0,0,canceled,"0.232",,,,,,,,,,,
"1677320220.761","| copybuckets json=""{\""vixes\"": {}, \""providers\"": {}}""","rhel.hwf.sc4s","1677320220.876013",0,0,1677320220,0,0,canceled,"0.225",,,,,,,,,,,
"1677323821.776","| copybuckets json=""{\""vixes\"": {}, \""providers\"": {}}""","rhel.hwf.sc4s","1677323821.174349",0,0,1677323821,0,0,canceled,"0.20500000000000002",,,,,,,,,,,
"1677327420.787","| copybuckets json=""{\""vixes\"": {}, \""providers\"": {}}""","rhel.hwf.sc4s","1677327420.510275",0,0,1677327420,0,0,canceled,"0.335",,,,,,,,,,,
"1677331020.802","| copybuckets json=""{\""vixes\"": {}, \""providers\"": {}}""","rhel.hwf.sc4s","1677331020.567992",0,0,1677331020,0,0,canceled,"0.221",,,,,,,,,,,
"1677334620.807","| copybuckets json=""{\""vixes\"": {}, \""providers\"": {}}""","rhel.hwf.sc4s","1677334620.568007",0,0,1677334620,0,0,canceled,"0.244",,,,,,,,,,,
"1677338220.822","| copybuckets json=""{\""vixes\"": {}, \""providers\"": {}}""","rhel.hwf.sc4s","1677338220.703962",0,0,1677338220,0,0,canceled,"0.244",,,,,,,,,,,
"1677341820.827","| copybuckets json=""{\""vixes\"": {}, \""providers\"": {}}""","rhel.hwf.sc4s","1677341820.854428",0,0,1677341820,0,0,canceled,"0.23500000000000001",,,,,,,,,,,
"1677345420.842","| copybuckets json=""{\""vixes\"": {}, \""providers\"": {}}""","rhel.hwf.sc4s","1677345420.980824",0,0,1677345421,0,0,canceled,"0.251",,,,,,,,,,,
"1677349021.847","| copybuckets json=""{\""vixes\"": {}, \""providers\"": {}}""","rhel.hwf.sc4s","1677349021.092817",0,0,1677349021,0,0,canceled,"0.223",,,,,,,,,,,
"1677352621.862","| copybuckets json=""{\""vixes\"": {}, \""providers\"": {}}""","rhel.hwf.sc4s","1677352621.260958",0,0,1677352621,0,0,canceled,"0.23600000000000002",,,,,,,,,,,
"1677356220.867","| copybuckets json=""{\""vixes\"": {}, \""providers\"": {}}""","rhel.hwf.sc4s","1677356220.456227",0,0,1677356220,0,0,canceled,"0.234",,,,,,,,,,,
"1677359820.885","| copybuckets json=""{\""vixes\"": {}, \""providers\"": {}}""","rhel.hwf.sc4s","1677359820.651362",0,0,1677359820,0,0,canceled,"0.23900000000000002",,,,,,,,,,,
"1677363420.890","| copybuckets json=""{\""vixes\"": {}, \""providers\"": {}}""","rhel.hwf.sc4s","1677363420.755526",0,0,1677363420,0,0,canceled,"0.23700000000000002",,,,,,,,,,,
"1677367021.905","| copybuckets json=""{\""vixes\"": {}, \""providers\"": {}}""","rhel.hwf.sc4s","1677367021.011285",0,0,1677367021,0,0,canceled,"0.23800000000000002",,,,,,,,,,,
"1677370621.916","| copybuckets json=""{\""vixes\"": {}, \""providers\"": {}}""","rhel.hwf.sc4s","1677370621.196118",0,0,1677370621,0,0,canceled,"0.224",,,,,,,,,,,
"1677374220.931","| copybuckets json=""{\""vixes\"": {}, \""providers\"": {}}""","rhel.hwf.sc4s","1677374220.344336",0,0,1677374220,0,0,canceled,"0.224",,,,,,,,,,,
"1677377820.936","| copybuckets json=""{\""vixes\"": {}, \""providers\"": {}}""","rhel.hwf.sc4s","1677377820.457506",0,0,1677377820,0,0,canceled,"0.233",,,,,,,,,,,
"1677381420.951","| copybuckets json=""{\""vixes\"": {}, \""providers\"": {}}""","rhel.hwf.sc4s","1677381420.584490",0,0,1677381420,0,0,canceled,"0.227",,,,,,,,,,,
"1677385020.956","| copybuckets json=""{\""vixes\"": {}, \""providers\"": {}}""","rhel.hwf.sc4s","1677385020.768735",0,0,1677385020,0,0,canceled,"0.264",,,,,,,,,,,
"1677388620.971","| copybuckets json=""{\""vixes\"": {}, \""providers\"": {}}""","rhel.hwf.sc4s","1677388620.986014",0,0,1677388621,0,0,canceled,"0.234",,,,,,,,,,,
"1677392221.982","| copybuckets json=""{\""vixes\"": {}, \""providers\"": {}}""","rhel.hwf.sc4s","1677392221.067506",0,0,1677392221,0,0,canceled,"0.227",,,,,,,,,,,
"1677395821.997","| copybuckets json=""{\""vixes\"": {}, \""providers\"": {}}""","rhel.hwf.sc4s","1677395821.246534",0,0,1677395821,0,0,canceled,"0.224",,,,,,,,,,,
"1677399420.1049","| copybuckets json=""{\""vixes\"": {}, \""providers\"": {}}""","rhel.hwf.sc4s","1677399420.727585",0,0,1677399420,0,0,canceled,"0.226",,,,,,,,,,,
"1677403021.1068","| copybuckets json=""{\""vixes\"": {}, \""providers\"": {}}""","rhel.hwf.sc4s","1677403021.056989",0,0,1677403021,0,0,canceled,"0.229",,,,,,,,,,,
"1677406620.1073","| copybuckets json=""{\""vixes\"": {}, \""providers\"": {}}""","rhel.hwf.sc4s","1677406620.316386",0,0,1677406620,0,0,canceled,"0.218",,,,,,,,,,,
"1677410220.1088","| copybuckets json=""{\""vixes\"": {}, \""providers\"": {}}""","rhel.hwf.sc4s","1677410220.464632",0,0,1677410220,0,0,canceled,"0.229",,,,,,,,,,,
"1677413820.1099","| copybuckets json=""{\""vixes\"": {}, \""providers\"": {}}""","rhel.hwf.sc4s","1677413820.618696",0,0,1677413820,0,0,canceled,"0.232",,,,,,,,,,,
"1677417420.1114","| copybuckets json=""{\""vixes\"": {}, \""providers\"": {}}""","rhel.hwf.sc4s","1677417420.823273",0,0,1677417420,0,0,canceled,"0.23",,,,,,,,,,,
"1677421020.1119","| copybuckets json=""{\""vixes\"": {}, \""providers\"": {}}""","rhel.hwf.sc4s","1677421020.992147",0,0,1677421021,0,0,canceled,"0.221",,,,,,,,,,,
"1677424621.1134","| copybuckets json=""{\""vixes\"": {}, \""providers\"": {}}""","rhel.hwf.sc4s","1677424621.177262",0,0,1677424621,0,0,canceled,"0.226",,,,,,,,,,,
"1677428220.1139","| copybuckets json=""{\""vixes\"": {}, \""providers\"": {}}""","rhel.hwf.sc4s","1677428220.442545",0,0,1677428220,0,0,canceled,"0.226",,,,,,,,,,,
"1677431820.1154","| copybuckets json=""{\""vixes\"": {}, \""providers\"": {}}""","rhel.hwf.sc4s","1677431820.763139",0,0,1677431820,0,0,canceled,"0.22",,,,,,,,,,,
"1677435421.1159","| copybuckets json=""{\""vixes\"": {}, \""providers\"": {}}""","rhel.hwf.sc4s","1677435421.068241",0,0,1677435421,0,0,canceled,"0.229",,,,,,,,,,,
"1677439020.1174","| copybuckets json=""{\""vixes\"": {}, \""providers\"": {}}""","rhel.hwf.sc4s","1677439020.309709",0,0,1677439020,0,0,canceled,"0.219",,,,,,,,,,,
"1677442620.1179","| copybuckets json=""{\""vixes\"": {}, \""providers\"": {}}""","rhel.hwf.sc4s","1677442620.630290",0,0,1677442620,0,0,canceled,"0.378",,,,,,,,,,,
"1677446220.1197","| copybuckets json=""{\""vixes\"": {}, \""providers\"": {}}""","rhel.hwf.sc4s","1677446220.555052",0,0,1677446220,0,0,canceled,"0.319",,,,,,,,,,,
"1677449820.1202","| copybuckets json=""{\""vixes\"": {}, \""providers\"": {}}""","rhel.hwf.sc4s","1677449820.804969",0,0,1677449820,0,0,canceled,"0.218",,,,,,,,,,,
"1677453421.1217","| copybuckets json=""{\""vixes\"": {}, \""providers\"": {}}""","rhel.hwf.sc4s","1677453421.166197",0,0,1677453421,0,0,canceled,"0.217",,,,,,,,,,,
"1677457020.1228","| copybuckets json=""{\""vixes\"": {}, \""providers\"": {}}""","rhel.hwf.sc4s","1677457020.457152",0,0,1677457020,0,0,canceled,"0.23600000000000002",,,,,,,,,,,
"1677460620.1243","| copybuckets json=""{\""vixes\"": {}, \""providers\"": {}}""","rhel.hwf.sc4s","1677460620.793049",0,0,1677460620,0,0,canceled,"0.217",,,,,,,,,,,
"1677464221.1248","| copybuckets json=""{\""vixes\"": {}, \""providers\"": {}}""","rhel.hwf.sc4s","1677464221.156722",0,0,1677464221,0,0,canceled,"0.213",,,,,,,,,,,
"1677467820.1263","| copybuckets json=""{\""vixes\"": {}, \""providers\"": {}}""","rhel.hwf.sc4s","1677467820.378743",0,0,1677467820,0,0,canceled,"0.20700000000000002",,,,,,,,,,,
"1677471420.1268","| copybuckets json=""{\""vixes\"": {}, \""providers\"": {}}""","rhel.hwf.sc4s","1677471420.513711",0,0,1677471420,0,0,canceled,"0.213",,,,,,,,,,,
"1677475020.1283","| copybuckets json=""{\""vixes\"": {}, \""providers\"": {}}""","rhel.hwf.sc4s","1677475020.735153",0,0,1677475020,0,0,canceled,"0.215",,,,,,,,,,,
"1677478620.1294","| copybuckets json=""{\""vixes\"": {}, \""providers\"": {}}""","rhel.hwf.sc4s","1677478620.805375",0,0,1677478620,0,0,canceled,"0.212",,,,,,,,,,,
"1677482220.1309","| copybuckets json=""{\""vixes\"": {}, \""providers\"": {}}""","rhel.hwf.sc4s","1677482220.948576",0,0,1677482220,0,0,canceled,"0.211",,,,,,,,,,,
"1677485821.1403","| copybuckets json=""{\""vixes\"": {}, \""providers\"": {}}""","rhel.hwf.sc4s","1677485821.118249",0,0,1677485821,0,0,canceled,"0.215",,,,,,,,,,,
"1677489420.1422","| copybuckets json=""{\""vixes\"": {}, \""providers\"": {}}""","rhel.hwf.sc4s","1677489420.371330",0,0,1677489420,0,0,canceled,"0.209",,,,,,,,,,,
"1677493020.1427","| copybuckets json=""{\""vixes\"": {}, \""providers\"": {}}""","rhel.hwf.sc4s","1677493020.592135",0,0,1677493020,0,0,canceled,"0.214",,,,,,,,,,,
"1677496620.1445","| copybuckets json=""{\""vixes\"": {}, \""providers\"": {}}""","rhel.hwf.sc4s","1677496620.864116",0,0,1677496620,0,0,canceled,"0.222",,,,,,,,,,,
"1677500221.1456","| copybuckets json=""{\""vixes\"": {}, \""providers\"": {}}""","rhel.hwf.sc4s","1677500221.134270",0,0,1677500221,0,0,canceled,"0.211",,,,,,,,,,,
"1677503821.1471","| copybuckets json=""{\""vixes\"": {}, \""providers\"": {}}""","rhel.hwf.sc4s","1677503821.215261",0,0,1677503821,0,0,canceled,"0.228",,,,,,,,,,,
"1677507420.1476","| copybuckets json=""{\""vixes\"": {}, \""providers\"": {}}""","rhel.hwf.sc4s","1677507420.578736",0,0,1677507420,0,0,canceled,"0.213",,,,,,,,,,,
"1677511020.1491","| copybuckets json=""{\""vixes\"": {}, \""providers\"": {}}""","rhel.hwf.sc4s","1677511020.916944",0,0,1677511020,0,0,canceled,"0.218",,,,,,,,,,,
"1677514620.1496","| copybuckets json=""{\""vixes\"": {}, \""providers\"": {}}""","rhel.hwf.sc4s","1677514620.268174",0,0,1677514620,0,0,canceled,"0.21",,,,,,,,,,,
"1677518220.1511","| copybuckets json=""{\""vixes\"": {}, \""providers\"": {}}""","rhel.hwf.sc4s","1677518220.463973",0,0,1677518220,0,0,canceled,"0.221",,,,,,,,,,,
"1677521820.1516","| copybuckets json=""{\""vixes\"": {}, \""providers\"": {}}""","rhel.hwf.sc4s","1677521820.725460",0,0,1677521820,0,0,canceled,"0.228",,,,,,,,,,,
"1677525421.1531","| copybuckets json=""{\""vixes\"": {}, \""providers\"": {}}""","rhel.hwf.sc4s","1677525421.004935",0,0,1677525421,0,0,canceled,"0.232",,,,,,,,,,,
"1677529021.1536","| copybuckets json=""{\""vixes\"": {}, \""providers\"": {}}""","rhel.hwf.sc4s","1677529021.248099",0,0,1677529021,0,0,canceled,"0.231",,,,,,,,,,,
"1677532620.1554","| copybuckets json=""{\""vixes\"": {}, \""providers\"": {}}""","rhel.hwf.sc4s","1677532620.683038",0,0,1677532620,0,0,canceled,"0.395",,,,,,,,,,,
"1677536220.1559","| copybuckets json=""{\""vixes\"": {}, \""providers\"": {}}""","rhel.hwf.sc4s","1677536220.751357",0,0,1677536220,0,0,canceled,"0.234",,,,,,,,,,,
"1677539821.1574","| copybuckets json=""{\""vixes\"": {}, \""providers\"": {}}""","rhel.hwf.sc4s","1677539821.088930",0,0,1677539821,0,0,canceled,"0.218",,,,,,,,,,,
"1677543420.1585","| copybuckets json=""{\""vixes\"": {}, \""providers\"": {}}""","rhel.hwf.sc4s","1677543420.365242",0,0,1677543420,0,0,canceled,"0.227",,,,,,,,,,,
"1677547020.1600","| copybuckets json=""{\""vixes\"": {}, \""providers\"": {}}""","rhel.hwf.sc4s","1677547020.571670",0,0,1677547020,0,0,canceled,"0.213",,,,,,,,,,,
"1677550620.1605","| copybuckets json=""{\""vixes\"": {}, \""providers\"": {}}""","rhel.hwf.sc4s","1677550620.843964",0,0,1677550620,0,0,canceled,"0.228",,,,,,,,,,,
"1677554221.1620","| copybuckets json=""{\""vixes\"": {}, \""providers\"": {}}""","rhel.hwf.sc4s","1677554221.133462",0,0,1677554221,0,0,canceled,"0.20800000000000002",,,,,,,,,,,
"1677557820.1625","| copybuckets json=""{\""vixes\"": {}, \""providers\"": {}}""","rhel.hwf.sc4s","1677557820.301996",0,0,1677557820,0,0,canceled,"0.211",,,,,,,,,,,
"1677561420.1640","| copybuckets json=""{\""vixes\"": {}, \""providers\"": {}}""","rhel.hwf.sc4s","1677561420.389274",0,0,1677561420,0,0,canceled,"0.224",,,,,,,,,,,
"1677565020.1651","| copybuckets json=""{\""vixes\"": {}, \""providers\"": {}}""","rhel.hwf.sc4s","1677565020.720515",0,0,1677565020,0,0,canceled,"0.229",,,,,,,,,,,
"1677568621.1666","| copybuckets json=""{\""vixes\"": {}, \""providers\"": {}}""","rhel.hwf.sc4s","1677568621.117008",0,0,1677568621,0,0,canceled,"0.354",,,,,,,,,,,
"1677572220.1718","| copybuckets json=""{\""vixes\"": {}, \""providers\"": {}}""","rhel.hwf.sc4s","1677572220.682669",0,0,1677572220,0,0,canceled,"0.224",,,,,,,,,,,
"1677575821.1737","| copybuckets json=""{\""vixes\"": {}, \""providers\"": {}}""","rhel.hwf.sc4s","1677575821.044430",0,0,1677575821,0,0,canceled,"0.449",,,,,,,,,,,
"1677579420.1742","| copybuckets json=""{\""vixes\"": {}, \""providers\"": {}}""","rhel.hwf.sc4s","1677579420.337862",0,0,1677579420,0,0,canceled,"0.229",,,,,,,,,,,
"1677583020.1757","| copybuckets json=""{\""vixes\"": {}, \""providers\"": {}}""","rhel.hwf.sc4s","1677583020.518577",0,0,1677583020,0,0,canceled,"0.214",,,,,,,,,,,
"1677586620.1768","| copybuckets json=""{\""vixes\"": {}, \""providers\"": {}}""","rhel.hwf.sc4s","1677586620.921551",0,0,1677586620,0,0,canceled,"0.881",,,,,,,,,,,
"1677590222.1783","| copybuckets json=""{\""vixes\"": {}, \""providers\"": {}}""","rhel.hwf.sc4s","1677590222.459598",0,0,1677590222,0,0,canceled,"0.426",,,,,,,,,,,
"1677593820.1788","| copybuckets json=""{\""vixes\"": {}, \""providers\"": {}}""","rhel.hwf.sc4s","1677593820.734863",0,0,1677593820,0,0,canceled,"0.26",,,,,,,,,,,
"1677597420.1803","| copybuckets json=""{\""vixes\"": {}, \""providers\"": {}}""","rhel.hwf.sc4s","1677597420.834710",0,0,1677597420,0,0,canceled,"0.218",,,,,,,,,,,
"1677601021.1808","| copybuckets json=""{\""vixes\"": {}, \""providers\"": {}}""","rhel.hwf.sc4s","1677601021.020722",0,0,1677601021,0,0,canceled,"0.252",,,,,,,,,,,
"1677604621.1823","| copybuckets json=""{\""vixes\"": {}, \""providers\"": {}}""","rhel.hwf.sc4s","1677604621.192349",0,0,1677604621,0,0,canceled,"0.297",,,,,,,,,,,
"1677608220.1828","| copybuckets json=""{\""vixes\"": {}, \""providers\"": {}}""","rhel.hwf.sc4s","1677608220.691886",0,0,1677608220,0,0,canceled,"0.231",,,,,,,,,,,
"1677611821.1843","| copybuckets json=""{\""vixes\"": {}, \""providers\"": {}}""","rhel.hwf.sc4s","1677611821.109776",0,0,1677611821,0,0,canceled,"0.317",,,,,,,,,,,
"1677615421.1848","| copybuckets json=""{\""vixes\"": {}, \""providers\"": {}}""","rhel.hwf.sc4s","1677615421.377292",0,0,1677615421,0,0,canceled,"0.327",,,,,,,,,,,
"1677619020.1866","| copybuckets json=""{\""vixes\"": {}, \""providers\"": {}}""","rhel.hwf.sc4s","1677619020.501243",0,0,1677619020,0,0,canceled,"0.251",,,,,,,,,,,
"1677622620.1871","| copybuckets json=""{\""vixes\"": {}, \""providers\"": {}}""","rhel.hwf.sc4s","1677622620.705452",0,0,1677622620,0,0,canceled,"0.231",,,,,,,,,,,
"1677626220.1886","| copybuckets json=""{\""vixes\"": {}, \""providers\"": {}}""","rhel.hwf.sc4s","1677626220.906174",0,0,1677626220,0,0,canceled,"0.226",,,,,,,,,,,
"1677629821.1897","| copybuckets json=""{\""vixes\"": {}, \""providers\"": {}}""","rhel.hwf.sc4s","1677629821.159405",0,0,1677629821,0,0,canceled,"0.212",,,,,,,,,,,
"1677633420.1912","| copybuckets json=""{\""vixes\"": {}, \""providers\"": {}}""","rhel.hwf.sc4s","1677633420.389286",0,0,1677633420,0,0,canceled,"0.227",,,,,,,,,,,
"1677637020.1917","| copybuckets json=""{\""vixes\"": {}, \""providers\"": {}}""","rhel.hwf.sc4s","1677637020.642074",0,0,1677637020,0,0,canceled,"0.232",,,,,,,,,,,
"1677640620.1932","| copybuckets json=""{\""vixes\"": {}, \""providers\"": {}}""","rhel.hwf.sc4s","1677640620.976927",0,0,1677640621,0,0,canceled,"0.223",,,,,,,,,,,
"1677644221.1937","| copybuckets json=""{\""vixes\"": {}, \""providers\"": {}}""","rhel.hwf.sc4s","1677644221.237865",0,0,1677644221,0,0,canceled,"0.214",,,,,,,,,,,
"1677647820.1952","| copybuckets json=""{\""vixes\"": {}, \""providers\"": {}}""","rhel.hwf.sc4s","1677647820.383892",0,0,1677647820,0,0,canceled,"0.223",,,,,,,,,,,
"1677651420.1963","| copybuckets json=""{\""vixes\"": {}, \""providers\"": {}}""","rhel.hwf.sc4s","1677651420.548176",0,0,1677651420,0,0,canceled,"0.218",,,,,,,,,,,
"1677655020.1978","| copybuckets json=""{\""vixes\"": {}, \""providers\"": {}}""","rhel.hwf.sc4s","1677655020.767819",0,0,1677655020,0,0,canceled,"0.222",,,,,,,,,,,
"1677658621.2030","| copybuckets json=""{\""vixes\"": {}, \""providers\"": {}}""","rhel.hwf.sc4s","1677658621.133001",0,0,1677658621,0,0,canceled,"0.22",,,,,,,,,,,
"1677662220.2049","| copybuckets json=""{\""vixes\"": {}, \""providers\"": {}}""","rhel.hwf.sc4s","1677662220.389707",0,0,1677662220,0,0,canceled,"0.217",,,,,,,,,,,
"1677665820.2054","| copybuckets json=""{\""vixes\"": {}, \""providers\"": {}}""","rhel.hwf.sc4s","1677665820.612737",0,0,1677665820,0,0,canceled,"0.227",,,,,,,,,,,
"1677669420.2069","| copybuckets json=""{\""vixes\"": {}, \""providers\"": {}}""","rhel.hwf.sc4s","1677669420.928458",0,0,1677669420,0,0,canceled,"0.229",,,,,,,,,,,
"1677673021.2080","| copybuckets json=""{\""vixes\"": {}, \""providers\"": {}}""","rhel.hwf.sc4s","1677673021.237382",0,0,1677673021,0,0,canceled,"0.211",,,,,,,,,,,
"1677676620.2095","| copybuckets json=""{\""vixes\"": {}, \""providers\"": {}}""","rhel.hwf.sc4s","1677676620.342480",0,0,1677676620,0,0,canceled,"0.261",,,,,,,,,,,
"1677680220.2100","| copybuckets json=""{\""vixes\"": {}, \""providers\"": {}}""","rhel.hwf.sc4s","1677680220.472655",0,0,1677680220,0,0,canceled,"0.227",,,,,,,,,,,
"1677683820.2115","| copybuckets json=""{\""vixes\"": {}, \""providers\"": {}}""","rhel.hwf.sc4s","1677683820.634682",0,0,1677683820,0,0,canceled,"0.213",,,,,,,,,,,
"1677687420.2120","| copybuckets json=""{\""vixes\"": {}, \""providers\"": {}}""","rhel.hwf.sc4s","1677687420.863276",0,0,1677687420,0,0,canceled,"0.217",,,,,,,,,,,
"1677691021.2135","| copybuckets json=""{\""vixes\"": {}, \""providers\"": {}}""","rhel.hwf.sc4s","1677691021.046958",0,0,1677691021,0,0,canceled,"0.223",,,,,,,,,,,
"1677694621.2140","| copybuckets json=""{\""vixes\"": {}, \""providers\"": {}}""","rhel.hwf.sc4s","1677694621.209237",0,0,1677694621,0,0,canceled,"0.214",,,,,,,,,,,
"1677698220.2155","| copybuckets json=""{\""vixes\"": {}, \""providers\"": {}}""","rhel.hwf.sc4s","1677698220.465682",0,0,1677698220,0,0,canceled,"0.256",,,,,,,,,,,
"1677701820.2160","| copybuckets json=""{\""vixes\"": {}, \""providers\"": {}}""","rhel.hwf.sc4s","1677701820.668486",0,0,1677701820,0,0,canceled,"0.23900000000000002",,,,,,,,,,,
"1677705420.2178","| copybuckets json=""{\""vixes\"": {}, \""providers\"": {}}""","rhel.hwf.sc4s","1677705420.767250",0,0,1677705420,0,0,canceled,"0.254",,,,,,,,,,,
"1677709021.2183","| copybuckets json=""{\""vixes\"": {}, \""providers\"": {}}""","rhel.hwf.sc4s","1677709021.108199",0,0,1677709021,0,0,canceled,"0.263",,,,,,,,,,,
"1677712620.2198","| copybuckets json=""{\""vixes\"": {}, \""providers\"": {}}""","rhel.hwf.sc4s","1677712620.416046",0,0,1677712620,0,0,canceled,"0.23800000000000002",,,,,,,,,,,
"1677716220.2209","| copybuckets json=""{\""vixes\"": {}, \""providers\"": {}}""","rhel.hwf.sc4s","1677716220.711849",0,0,1677716220,0,0,canceled,"0.259",,,,,,,,,,,
"1677719821.2224","| copybuckets json=""{\""vixes\"": {}, \""providers\"": {}}""","rhel.hwf.sc4s","1677719821.029513",0,0,1677719821,0,0,canceled,"0.234",,,,,,,,,,,
"1677723420.2229","| copybuckets json=""{\""vixes\"": {}, \""providers\"": {}}""","rhel.hwf.sc4s","1677723420.303925",0,0,1677723420,0,0,canceled,"0.234",,,,,,,,,,,
"1677727020.2244","| copybuckets json=""{\""vixes\"": {}, \""providers\"": {}}""","rhel.hwf.sc4s","1677727020.515698",0,0,1677727020,0,0,canceled,"0.23900000000000002",,,,,,,,,,,
"1677730620.2249","| copybuckets json=""{\""vixes\"": {}, \""providers\"": {}}""","rhel.hwf.sc4s","1677730620.726084",0,0,1677730620,0,0,canceled,"0.25",,,,,,,,,,,
"1677734220.2264","| copybuckets json=""{\""vixes\"": {}, \""providers\"": {}}""","rhel.hwf.sc4s","1677734220.959206",0,0,1677734221,0,0,canceled,"0.251",,,,,,,,,,,
"1677737821.2275","| copybuckets json=""{\""vixes\"": {}, \""providers\"": {}}""","rhel.hwf.sc4s","1677737821.044540",0,0,1677737821,0,0,canceled,"0.244",,,,,,,,,,,
"1677741420.2290","| copybuckets json=""{\""vixes\"": {}, \""providers\"": {}}""","rhel.hwf.sc4s","1677741420.295948",0,0,1677741420,0,0,canceled,"0.249",,,,,,,,,,,
"1677745020.2342","| copybuckets json=""{\""vixes\"": {}, \""providers\"": {}}""","rhel.hwf.sc4s","1677745020.709411",0,0,1677745020,0,0,canceled,"0.261",,,,,,,,,,,
"1677874621.10","| copybuckets json=""{\""vixes\"": {}, \""providers\"": {}}""","rhel.hwf.sc4s","1677874621.055959",0,0,1677874621,0,0,canceled,"0.227",,,,,,,,,,,
"1677878221.29","| copybuckets json=""{\""vixes\"": {}, \""providers\"": {}}""","rhel.hwf.sc4s","1677878221.172205",0,0,1677878221,0,0,canceled,"0.21",,,,,,,,,,,
"1677881820.34","| copybuckets json=""{\""vixes\"": {}, \""providers\"": {}}""","rhel.hwf.sc4s","1677881820.428431",0,0,1677881820,0,0,canceled,"0.21",,,,,,,,,,,
"1677885420.49","| copybuckets json=""{\""vixes\"": {}, \""providers\"": {}}""","rhel.hwf.sc4s","1677885420.659872",0,0,1677885420,0,0,canceled,"0.214",,,,,,,,,,,
"1677889021.60","| copybuckets json=""{\""vixes\"": {}, \""providers\"": {}}""","rhel.hwf.sc4s","1677889021.058839",0,0,1677889021,0,0,canceled,"0.20700000000000002",,,,,,,,,,,
"1677892620.15","| copybuckets json=""{\""vixes\"": {}, \""providers\"": {}}""","rhel.hwf.sc4s","1677892620.826852",0,0,1677892620,0,0,canceled,"0.209",,,,,,,,,,,
"1677896221.20","| copybuckets json=""{\""vixes\"": {}, \""providers\"": {}}""","rhel.hwf.sc4s","1677896221.203359",0,0,1677896221,0,0,canceled,"0.20700000000000002",,,,,,,,,,,
"1677899820.35","| copybuckets json=""{\""vixes\"": {}, \""providers\"": {}}""","rhel.hwf.sc4s","1677899820.427752",0,0,1677899820,0,0,canceled,"0.215",,,,,,,,,,,
"1677903420.40","| copybuckets json=""{\""vixes\"": {}, \""providers\"": {}}""","rhel.hwf.sc4s","1677903420.518809",0,0,1677903420,0,0,canceled,"0.20800000000000002",,,,,,,,,,,
"1677907020.55","| copybuckets json=""{\""vixes\"": {}, \""providers\"": {}}""","rhel.hwf.sc4s","1677907020.834876",0,0,1677907020,0,0,canceled,"0.212",,,,,,,,,,,
"1677910621.66","| copybuckets json=""{\""vixes\"": {}, \""providers\"": {}}""","rhel.hwf.sc4s","1677910621.133679",0,0,1677910621,0,0,canceled,"0.20800000000000002",,,,,,,,,,,
"1677914221.81","| copybuckets json=""{\""vixes\"": {}, \""providers\"": {}}""","rhel.hwf.sc4s","1677914221.219538",0,0,1677914221,0,0,canceled,"0.20800000000000002",,,,,,,,,,,
"1677917820.133","| copybuckets json=""{\""vixes\"": {}, \""providers\"": {}}""","rhel.hwf.sc4s","1677917820.667604",0,0,1677917820,0,0,canceled,"0.20800000000000002",,,,,,,,,,,
"1677921420.152","| copybuckets json=""{\""vixes\"": {}, \""providers\"": {}}""","rhel.hwf.sc4s","1677921420.932738",0,0,1677921420,0,0,canceled,"0.212",,,,,,,,,,,
"1677925020.157","| copybuckets json=""{\""vixes\"": {}, \""providers\"": {}}""","rhel.hwf.sc4s","1677925020.364875",0,0,1677925020,0,0,canceled,"0.209",,,,,,,,,,,
"1677928620.172","| copybuckets json=""{\""vixes\"": {}, \""providers\"": {}}""","rhel.hwf.sc4s","1677928620.776209",0,0,1677928620,0,0,canceled,"0.221",,,,,,,,,,,
"1677932221.183","| copybuckets json=""{\""vixes\"": {}, \""providers\"": {}}""","rhel.hwf.sc4s","1677932221.227244",0,0,1677932221,0,0,canceled,"0.201",,,,,,,,,,,
"1677935820.198","| copybuckets json=""{\""vixes\"": {}, \""providers\"": {}}""","rhel.hwf.sc4s","1677935820.573663",0,0,1677935820,0,0,canceled,"0.217",,,,,,,,,,,
"1677939420.203","| copybuckets json=""{\""vixes\"": {}, \""providers\"": {}}""","rhel.hwf.sc4s","1677939420.934130",0,0,1677939420,0,0,canceled,"0.211",,,,,,,,,,,
"1677943020.11","| copybuckets json=""{\""vixes\"": {}, \""providers\"": {}}""","rhel.hwf.sc4s","1677943020.580397",0,0,1677943020,0,0,canceled,"0.538",,,,,,,,,,,
"1677946620.80","| copybuckets json=""{\""vixes\"": {}, \""providers\"": {}}""","rhel.hwf.sc4s","1677946620.787505",0,0,1677946620,0,0,canceled,"0.28",,,,,,,,,,,
"1677950221.97","| copybuckets json=""{\""vixes\"": {}, \""providers\"": {}}""","rhel.hwf.sc4s","1677950221.180577",0,0,1677950221,0,0,canceled,"0.213",,,,,,,,,,,
"1677953820.104","| copybuckets json=""{\""vixes\"": {}, \""providers\"": {}}""","rhel.hwf.sc4s","1677953820.499122",0,0,1677953820,0,0,canceled,"0.212",,,,,,,,,,,
"1677957420.121","| copybuckets json=""{\""vixes\"": {}, \""providers\"": {}}""","rhel.hwf.sc4s","1677957420.943957",0,0,1677957420,0,0,canceled,"0.215",,,,,,,,,,,
"1677961020.128","| copybuckets json=""{\""vixes\"": {}, \""providers\"": {}}""","rhel.hwf.sc4s","1677961020.378745",0,0,1677961020,0,0,canceled,"0.20700000000000002",,,,,,,,,,,
"1677964620.148","| copybuckets json=""{\""vixes\"": {}, \""providers\"": {}}""","rhel.hwf.sc4s","1677964620.920767",0,0,1677964620,0,0,canceled,"0.23500000000000001",,,,,,,,,,,
"1677968220.155","| copybuckets json=""{\""vixes\"": {}, \""providers\"": {}}""","rhel.hwf.sc4s","1677968220.324993",0,0,1677968220,0,0,canceled,"0.211",,,,,,,,,,,
"1677971820.172","| copybuckets json=""{\""vixes\"": {}, \""providers\"": {}}""","rhel.hwf.sc4s","1677971820.805710",0,0,1677971820,0,0,canceled,"0.20700000000000002",,,,,,,,,,,
"1677975421.185","| copybuckets json=""{\""vixes\"": {}, \""providers\"": {}}""","rhel.hwf.sc4s","1677975421.215431",0,0,1677975421,0,0,canceled,"0.20700000000000002",,,,,,,,,,,
"1677979020.202","| copybuckets json=""{\""vixes\"": {}, \""providers\"": {}}""","rhel.hwf.sc4s","1677979020.672277",0,0,1677979020,0,0,canceled,"0.211",,,,,,,,,,,
"1677982621.209","| copybuckets json=""{\""vixes\"": {}, \""providers\"": {}}""","rhel.hwf.sc4s","1677982621.086728",0,0,1677982621,0,0,canceled,"0.20800000000000002",,,,,,,,,,,
"1677986220.226","| copybuckets json=""{\""vixes\"": {}, \""providers\"": {}}""","rhel.hwf.sc4s","1677986220.559438",0,0,1677986220,0,0,canceled,"0.224",,,,,,,,,,,
"1677989820.233","| copybuckets json=""{\""vixes\"": {}, \""providers\"": {}}""","rhel.hwf.sc4s","1677989820.944762",0,0,1677989820,0,0,canceled,"0.224",,,,,,,,,,,
"1677993420.250","| copybuckets json=""{\""vixes\"": {}, \""providers\"": {}}""","rhel.hwf.sc4s","1677993420.345133",0,0,1677993420,0,0,canceled,"0.221",,,,,,,,,,,
"1677997020.263","| copybuckets json=""{\""vixes\"": {}, \""providers\"": {}}""","rhel.hwf.sc4s","1677997020.734004",0,0,1677997020,0,0,canceled,"0.23900000000000002",,,,,,,,,,,
"1678000621.280","| copybuckets json=""{\""vixes\"": {}, \""providers\"": {}}""","rhel.hwf.sc4s","1678000621.163321",0,0,1678000621,0,0,canceled,"0.23700000000000002",,,,,,,,,,,
"1678004220.334","| copybuckets json=""{\""vixes\"": {}, \""providers\"": {}}""","rhel.hwf.sc4s","1678004220.743308",0,0,1678004220,0,0,canceled,"0.227",,,,,,,,,,,
"1678007821.355","| copybuckets json=""{\""vixes\"": {}, \""providers\"": {}}""","rhel.hwf.sc4s","1678007821.213009",0,0,1678007821,0,0,canceled,"0.232",,,,,,,,,,,
"1678011420.362","| copybuckets json=""{\""vixes\"": {}, \""providers\"": {}}""","rhel.hwf.sc4s","1678011420.603349",0,0,1678011420,0,0,canceled,"0.22",,,,,,,,,,,
"1678015021.379","| copybuckets json=""{\""vixes\"": {}, \""providers\"": {}}""","rhel.hwf.sc4s","1678015021.031865",0,0,1678015021,0,0,canceled,"0.226",,,,,,,,,,,
"1678018620.392","| copybuckets json=""{\""vixes\"": {}, \""providers\"": {}}""","rhel.hwf.sc4s","1678018620.392197",0,0,1678018620,0,0,canceled,"0.225",,,,,,,,,,,
"1678022220.409","| copybuckets json=""{\""vixes\"": {}, \""providers\"": {}}""","rhel.hwf.sc4s","1678022220.880327",0,0,1678022220,0,0,canceled,"0.223",,,,,,,,,,,
"1678025820.416","| copybuckets json=""{\""vixes\"": {}, \""providers\"": {}}""","rhel.hwf.sc4s","1678025820.285110",0,0,1678025820,0,0,canceled,"0.224",,,,,,,,,,,
"1678029420.433","| copybuckets json=""{\""vixes\"": {}, \""providers\"": {}}""","rhel.hwf.sc4s","1678029420.661343",0,0,1678029420,0,0,canceled,"0.222",,,,,,,,,,,
"1678033020.440","| copybuckets json=""{\""vixes\"": {}, \""providers\"": {}}""","rhel.hwf.sc4s","1678033020.973206",0,0,1678033021,0,0,canceled,"0.228",,,,,,,,,,,
"1678036620.457","| copybuckets json=""{\""vixes\"": {}, \""providers\"": {}}""","rhel.hwf.sc4s","1678036620.316669",0,0,1678036620,0,0,canceled,"0.229",,,,,,,,,,,
"1678040220.464","| copybuckets json=""{\""vixes\"": {}, \""providers\"": {}}""","rhel.hwf.sc4s","1678040220.609757",0,0,1678040220,0,0,canceled,"0.222",,,,,,,,,,,
"1678043821.481","| copybuckets json=""{\""vixes\"": {}, \""providers\"": {}}""","rhel.hwf.sc4s","1678043821.080576",0,0,1678043821,0,0,canceled,"0.23",,,,,,,,,,,
"1678047420.488","| copybuckets json=""{\""vixes\"": {}, \""providers\"": {}}""","rhel.hwf.sc4s","1678047420.463508",0,0,1678047420,0,0,canceled,"0.221",,,,,,,,,,,
"1678051021.508","| copybuckets json=""{\""vixes\"": {}, \""providers\"": {}}""","rhel.hwf.sc4s","1678051021.078751",0,0,1678051021,0,0,canceled,"0.227",,,,,,,,,,,
"1678054620.515","| copybuckets json=""{\""vixes\"": {}, \""providers\"": {}}""","rhel.hwf.sc4s","1678054620.429785",0,0,1678054620,0,0,canceled,"0.22",,,,,,,,,,,
"1678058220.532","| copybuckets json=""{\""vixes\"": {}, \""providers\"": {}}""","rhel.hwf.sc4s","1678058220.891887",0,0,1678058220,0,0,canceled,"0.233",,,,,,,,,,,
"1678061820.545","| copybuckets json=""{\""vixes\"": {}, \""providers\"": {}}""","rhel.hwf.sc4s","1678061820.291216",0,0,1678061820,0,0,canceled,"0.217",,,,,,,,,,,
"1678065420.562","| copybuckets json=""{\""vixes\"": {}, \""providers\"": {}}""","rhel.hwf.sc4s","1678065420.543084",0,0,1678065420,0,0,canceled,"0.226",,,,,,,,,,,
"1678069020.569","| copybuckets json=""{\""vixes\"": {}, \""providers\"": {}}""","rhel.hwf.sc4s","1678069020.896797",0,0,1678069020,0,0,canceled,"0.224",,,,,,,,,,,
"1678072620.586","| copybuckets json=""{\""vixes\"": {}, \""providers\"": {}}""","rhel.hwf.sc4s","1678072620.304687",0,0,1678072620,0,0,canceled,"0.227",,,,,,,,,,,
"1678076220.593","| copybuckets json=""{\""vixes\"": {}, \""providers\"": {}}""","rhel.hwf.sc4s","1678076220.586438",0,0,1678076220,0,0,canceled,"0.225",,,,,,,,,,,
"1678079821.610","| copybuckets json=""{\""vixes\"": {}, \""providers\"": {}}""","rhel.hwf.sc4s","1678079821.076903",0,0,1678079821,0,0,canceled,"0.234",,,,,,,,,,,
"1678083420.623","| copybuckets json=""{\""vixes\"": {}, \""providers\"": {}}""","rhel.hwf.sc4s","1678083420.528795",0,0,1678083420,0,0,canceled,"0.225",,,,,,,,,,,
"1678087020.640","| copybuckets json=""{\""vixes\"": {}, \""providers\"": {}}""","rhel.hwf.sc4s","1678087020.970990",0,0,1678087021,0,0,canceled,"0.228",,,,,,,,,,,
"1678090621.736","| copybuckets json=""{\""vixes\"": {}, \""providers\"": {}}""","rhel.hwf.sc4s","1678090621.011267",0,0,1678090621,0,0,canceled,"0.233",,,,,,,,,,,
"1678094220.757","| copybuckets json=""{\""vixes\"": {}, \""providers\"": {}}""","rhel.hwf.sc4s","1678094220.357965",0,0,1678094220,0,0,canceled,"0.224",,,,,,,,,,,
"1678097820.764","| copybuckets json=""{\""vixes\"": {}, \""providers\"": {}}""","rhel.hwf.sc4s","1678097820.662606",0,0,1678097820,0,0,canceled,"0.234",,,,,,,,,,,
"1678101421.784","| copybuckets json=""{\""vixes\"": {}, \""providers\"": {}}""","rhel.hwf.sc4s","1678101421.185277",0,0,1678101421,0,0,canceled,"0.231",,,,,,,,,,,
"1678105020.797","| copybuckets json=""{\""vixes\"": {}, \""providers\"": {}}""","rhel.hwf.sc4s","1678105020.562057",0,0,1678105020,0,0,canceled,"0.226",,,,,,,,,,,
"1678108621.814","| copybuckets json=""{\""vixes\"": {}, \""providers\"": {}}""","rhel.hwf.sc4s","1678108621.105872",0,0,1678108621,0,0,canceled,"0.23",,,,,,,,,,,
"1678112220.821","| copybuckets json=""{\""vixes\"": {}, \""providers\"": {}}""","rhel.hwf.sc4s","1678112220.435912",0,0,1678112220,0,0,canceled,"0.226",,,,,,,,,,,
"1678115820.838","| copybuckets json=""{\""vixes\"": {}, \""providers\"": {}}""","rhel.hwf.sc4s","1678115820.778335",0,0,1678115820,0,0,canceled,"0.21",,,,,,,,,,,
"1678119421.845","| copybuckets json=""{\""vixes\"": {}, \""providers\"": {}}""","rhel.hwf.sc4s","1678119421.164271",0,0,1678119421,0,0,canceled,"0.218",,,,,,,,,,,
"1678123020.862","| copybuckets json=""{\""vixes\"": {}, \""providers\"": {}}""","rhel.hwf.sc4s","1678123020.528252",0,0,1678123020,0,0,canceled,"0.258",,,,,,,,,,,
"1678126620.869","| copybuckets json=""{\""vixes\"": {}, \""providers\"": {}}""","rhel.hwf.sc4s","1678126620.879783",0,0,1678126620,0,0,canceled,"0.20700000000000002",,,,,,,,,,,
"1678130221.886","| copybuckets json=""{\""vixes\"": {}, \""providers\"": {}}""","rhel.hwf.sc4s","1678130221.344978",0,0,1678130221,0,0,canceled,"0.29",,,,,,,,,,,
"1678133820.893","| copybuckets json=""{\""vixes\"": {}, \""providers\"": {}}""","rhel.hwf.sc4s","1678133820.645056",0,0,1678133820,0,0,canceled,"0.326",,,,,,,,,,,
"1678137421.913","| copybuckets json=""{\""vixes\"": {}, \""providers\"": {}}""","rhel.hwf.sc4s","1678137421.093325",0,0,1678137421,0,0,canceled,"0.24",,,,,,,,,,,
"1678141020.920","| copybuckets json=""{\""vixes\"": {}, \""providers\"": {}}""","rhel.hwf.sc4s","1678141020.391700",0,0,1678141020,0,0,canceled,"0.20800000000000002",,,,,,,,,,,
"1678144620.937","| copybuckets json=""{\""vixes\"": {}, \""providers\"": {}}""","rhel.hwf.sc4s","1678144620.800944",0,0,1678144620,0,0,canceled,"0.22",,,,,,,,,,,
"1678148220.950","| copybuckets json=""{\""vixes\"": {}, \""providers\"": {}}""","rhel.hwf.sc4s","1678148220.396943",0,0,1678148220,0,0,canceled,"0.324",,,,,,,,,,,
"1678151820.967","| copybuckets json=""{\""vixes\"": {}, \""providers\"": {}}""","rhel.hwf.sc4s","1678151820.663732",0,0,1678151820,0,0,canceled,"0.209",,,,,,,,,,,
"1678155421.974","| copybuckets json=""{\""vixes\"": {}, \""providers\"": {}}""","rhel.hwf.sc4s","1678155421.010342",0,0,1678155421,0,0,canceled,"0.219",,,,,,,,,,,
"1678159020.991","| copybuckets json=""{\""vixes\"": {}, \""providers\"": {}}""","rhel.hwf.sc4s","1678159020.303307",0,0,1678159020,0,0,canceled,"0.234",,,,,,,,,,,
"1678162620.998","| copybuckets json=""{\""vixes\"": {}, \""providers\"": {}}""","rhel.hwf.sc4s","1678162620.532856",0,0,1678162620,0,0,canceled,"0.218",,,,,,,,,,,
"1678166221.1015","| copybuckets json=""{\""vixes\"": {}, \""providers\"": {}}""","rhel.hwf.sc4s","1678166221.040455",0,0,1678166221,0,0,canceled,"0.225",,,,,,,,,,,
"1678169820.1028","| copybuckets json=""{\""vixes\"": {}, \""providers\"": {}}""","rhel.hwf.sc4s","1678169820.359520",0,0,1678169820,0,0,canceled,"0.23500000000000001",,,,,,,,,,,
"1678173420.1045","| copybuckets json=""{\""vixes\"": {}, \""providers\"": {}}""","rhel.hwf.sc4s","1678173420.662481",0,0,1678173420,0,0,canceled,"0.225",,,,,,,,,,,
"1678177021.1099","| copybuckets json=""{\""vixes\"": {}, \""providers\"": {}}""","rhel.hwf.sc4s","1678177021.223425",0,0,1678177021,0,0,canceled,"0.224",,,,,,,,,,,
"1678180620.1120","| copybuckets json=""{\""vixes\"": {}, \""providers\"": {}}""","rhel.hwf.sc4s","1678180620.615732",0,0,1678180620,0,0,canceled,"0.246",,,,,,,,,,,
"1678184220.1127","| copybuckets json=""{\""vixes\"": {}, \""providers\"": {}}""","rhel.hwf.sc4s","1678184220.978742",0,0,1678184221,0,0,canceled,"0.248",,,,,,,,,,,
"1678187820.1144","| copybuckets json=""{\""vixes\"": {}, \""providers\"": {}}""","rhel.hwf.sc4s","1678187820.341689",0,0,1678187820,0,0,canceled,"0.245",,,,,,,,,,,
"1678191421.1157","| copybuckets json=""{\""vixes\"": {}, \""providers\"": {}}""","rhel.hwf.sc4s","1678191421.014391",0,0,1678191421,0,0,canceled,"0.404",,,,,,,,,,,
"1678195020.1174","| copybuckets json=""{\""vixes\"": {}, \""providers\"": {}}""","rhel.hwf.sc4s","1678195020.527111",0,0,1678195020,0,0,canceled,"0.391",,,,,,,,,,,
"1678198620.1181","| copybuckets json=""{\""vixes\"": {}, \""providers\"": {}}""","rhel.hwf.sc4s","1678198620.838078",0,0,1678198620,0,0,canceled,"0.427",,,,,,,,,,,
"1678202220.1198","| copybuckets json=""{\""vixes\"": {}, \""providers\"": {}}""","rhel.hwf.sc4s","1678202220.954450",0,0,1678202220,0,0,canceled,"0.229",,,,,,,,,,,
"1678205820.1205","| copybuckets json=""{\""vixes\"": {}, \""providers\"": {}}""","rhel.hwf.sc4s","1678205820.510356",0,0,1678205820,0,0,canceled,"0.435",,,,,,,,,,,
